sample_id,PFPeA,PFHxA,PFOA,PFNA,PFOS,PFHxS,6:2 FTS,FOSA
S000,2.2360637816057536,2.5683256054854393,1.428714712354646,0.0,0.0,0.5155992558433263,0.0,0.0
S001,0.0,2.102557095088299,0.0,0.8019376918902071,0.0,1.5030281823301639,0.0,0.0
S002,3.4919181408987034,0.0,0.0,0.8352674416362597,4.172309554261169,0.0,0.0,0.510399504151611
S003,4.223079986233102,1.5405836267904711,0.0,2.6095755282145032,0.0,0.7004297479135676,0.0,0.0
S004,0.0,1.372571254829096,0.0,1.54513493934014,1.1485372815919324,0.0,2.2915927779790106,0.0
S005,0.0,1.519966958402791,1.4725159682328928,0.9577878841203529,0.0,0.0,0.0,0.0
S006,1.8735600727091053,2.9195479070721193,0.0,2.8959201198535665,1.2605813618861392,0.0,0.0,0.0
S007,1.2017242586278374,1.5274436923640065,0.9162134831340413,0.0,0.7297530907559633,0.0,1.7107186208060345,0.0
