sample_id,PFPeA,PFHxA,PFOA,PFNA,PFOS,PFHxS,6:2 FTS,FOSA
S000,1.034784059984354,3.8952097941951496,0.0,0.6003112088682296,0.7423239720393211,0.0,1.7677832447423958,0.9454782082139671
S001,2.1104171223263504,0.15765837049398299,0.0,0.908071498939387,1.9746248940949835,0.8723484519983268,0.6844781423328654,0.0
S002,2.280770963123403,0.8166620879708871,0.0,0.0,0.0,0.21994373755310434,1.4843572685171995,0.0
S003,0.14655703775017223,0.44305841118182365,0.0,0.3032485606957392,0.0,1.0373172644349753,2.452846671322499,0.0
S004,0.0,1.469605222716569,2.048762202634079,0.7408103691699492,1.7240355762783401,2.8373640693437787,0.8130550689777187,0.0
S005,0.0,1.2808779496344995,3.0006014995311183,0.0,0.0,0.0,0.17657406723695662,1.13477518360754
S006,1.6952059069746503,0.0,0.0,2.2748732502168734,1.872691084192424,1.4943735537602922,2.6004111429991066,0.2639541567620463
S007,1.8476778940108909,1.8271855524851928,0.17072203401897484,1.4148593149014461,0.0,2.184796514994088,0.0,0.9819244998474846
