sample_id,PC1,PC2,PC3,PC4,PC5
S001,0.5393637842017307,-5.686778461319225,3.0643832735952454,6.961063750308192,-11.781099998402397
S002,-8.0903705864918,-0.2543518976021999,-0.06364354605044786,-0.33260116812893603,-5.760755298686141
S003,4.748187523444627,5.4652153909037136,0.9443502819134137,7.38254615920218,3.451287558024098
S004,5.04077387983228,-6.849527162019896,3.7343430812314375,4.422729205975466,-10.782241998059774
S005,-6.119618602092571,0.5961212325213996,-3.1576902695052853,-1.337528768562592,-4.1423743837044285
S006,6.3912691059821345,5.481483015031483,-0.6020803755657451,7.111689226408277,2.980084767223366
S007,2.1563353736201076,-4.932761470520688,4.838100498000767,6.6617586429551245,-11.60484252768968
S008,-7.379397943138932,1.7139747577615227,-4.083189283844993,-0.5803137695616848,-5.823822546880673
