sample_id,feature_1,feature_2,feature_3,feature_4,feature_5,feature_6,feature_7,feature_8
S001,0.881093665527496,-5.728120856934822,4.550719757362309,5.250989678502187,-9.136077025875199,-5.864666029799766,3.8516734171421185,-2.1908354862948345
S002,-0.8523698811287499,-5.485878730239716,5.320959008177386,5.582418116226079,0.15923230132376762,4.375971319396372,1.1008248877233688,-3.3205731326791392
S003,2.9586351772176576,-3.9796816016872016,3.393986945603322,0.09861242966881517,-0.7492831040152105,-3.0766148269261873,7.4198498602924365,-0.4372540871819873
S004,2.541955743379999,-5.098551926969141,4.1859350770672625,5.64975592071388,-11.940909673052682,-6.990404358847543,-0.06635696560276638,-2.5395297340829237
S005,-0.49671916436146957,-2.022807671016306,3.0982432007742777,5.341377209031963,-2.1941511696176272,5.133878489861502,2.5816763089177366,-3.4171288173772734
S006,2.9105937901017764,-3.604392151345106,3.8691638981637064,-0.9431572439281152,0.3626520041594279,-3.6916042093421293,4.199177208363269,-2.4725782313492317
S007,0.14440696976973988,-4.454179415121832,3.9658945831381343,5.738551613057722,-10.396054912773982,-6.2730879976965195,1.577587606787432,-2.0452327712982683
S008,0.6011570688146732,-5.2581085494678765,3.8524091044665347,3.3163528361472476,-1.4636059805774795,6.366664756018537,1.6334432009561424,-4.27772113632466
