sample_id,site,season,PFPeA,PFHxA,PFOA,PFNA,PFOS,PFHxS,6:2 FTS,FOSA
S00,清邁,春,3.2374680511513283,2.313163948610312,2.412732637205214,1.2650873600180468,0.3070004769775319,0.361066886273514,2.064952618992143,0.9239838848917411
S01,清邁,春,2.9874255585052643,2.4238357518528835,2.4917784046423233,1.2146403003385335,0.5083223394420918,0.6627636229629889,2.2479630973406155,0.8066841172969076
S02,清邁,春,3.2897118741259117,2.360542908276416,2.491188126443868,0.9875960928295978,0.477418043020463,0.42173439169884697,2.7149743755234583,0.9621043420611122
S03,清邁,春,2.6953561105510793,2.7471909064670625,2.2846765870855,1.095664486376587,0.5543472255421957,0.5568597145195606,3.4163033708420283,0.9033874443318457
S04,清邁,春,2.6393999677983526,2.44774968510701,2.3329697718986706,1.326101020406238,0.4859575303682132,0.4052762685751165,1.6274703497208243,1.176622677427998
S05,清邁,春,3.612593124335167,3.436319052986629,1.6934531930894001,1.0597577356903891,0.5148005534027825,0.5280971418732657,2.4868189784197186,1.0574907524729924
S06,清邁,春,3.5549488658907786,3.0511148732454885,2.1499122561901785,1.1709578117893744,0.34734521574498695,0.46159611294691777,1.778115360195608,0.852382881164288
S07,清邁,春,2.800580524476588,4.359457471501802,1.6107330752943994,1.2738828375160345,0.32828779764758664,0.45984378819365845,2.0830547514525404,1.1578392850254613
