sample_id,feature_1,feature_2,feature_3,feature_4,feature_5,feature_6,target
S001,0.30471707975443135,-1.0399841062404955,0.7504511958064572,0.9405647163912139,-1.9510351886538364,-1.302179506862318,2.1734517874740824
S002,0.12784040316728537,-0.3162425923435822,-0.016801157504288795,-0.85304392757358,0.8793979748628286,0.7777919354289483,0.8432399100996347
S003,0.06603069756121605,1.1272412069680329,0.4675093422520456,-0.8592924628832382,0.36875078408249884,-0.9588826008289989,3.369054163455682
S004,0.8784503013072725,-0.049925910986252896,-0.18486236354526056,-0.6809295444039414,1.2225413386740303,-0.15452948206880215,2.916459756854932
S005,-0.4283278221631072,-0.3521335504882296,0.5323091855533487,0.36544406436407834,0.4127326115959884,0.43082100300788273,1.0960310694127582
S006,2.1416476008704612,-0.4064150163846156,-0.5122427290715373,-0.8137727282478777,0.6159794225754956,1.1289722927208916,-3.0184963308071757
S007,-0.11394745765487507,-0.840156476962528,-0.8244812156912396,0.6505927878247011,0.7432541712034423,0.543154268305195,-1.8474806494111622
S008,-0.6655097072886943,0.23216132306671977,0.11668580914072822,0.21868859672901295,0.8714287779481898,0.22359554877468227,0.2692015718766815
